<?xml version="1.0" encoding="UTF-8"?>
<beans xmlns="http://www.springframework.org/schema/beans"
       xmlns:xsi="http://www.w3.org/2001/XMLSchema-instance"
       xmlns:tx="http://www.springframework.org/schema/tx"
       xsi:schemaLocation="http://www.springframework.org/schema/beans
                           http://www.springframework.org/schema/beans/spring-beans.xsd
                           http://www.springframework.org/schema/tx
                           http://www.springframework.org/schema/tx/spring-tx.xsd">

	<tx:annotation-driven />	
    <!-- Configuración del origen de datos -->
    <bean id="dataSource" class="org.apache.commons.dbcp2.BasicDataSource">
        <property name="driverClassName" value="com.mysql.cj.jdbc.Driver" />
        <property name="url" value="jdbc:mysql://localhost/ingreso" />
        <property name="username" value="usuario1" />
        <property name="password" value="recia10" />
    </bean>

    <!-- Configuración de la sesión de Hibernate -->
    <bean id="sessionFactory"
        class="org.springframework.orm.hibernate5.LocalSessionFactoryBean">
        <!-- Configuración de la sesión de Hibernate -->
    </bean>
	<!-- Define el bean del administrador de transacciones de Hibernate -->
	<bean id="transactionManager" class="org.springframework.orm.hibernate5.HibernateTransactionManager">
	    <property name="sessionFactory" ref="sessionFactory" />
	</bean>

    <!-- Configuración del administrador de transacciones -->
    <bean id="transactionManager"
        class="org.springframework.orm.hibernate5.HibernateTransactionManager">
        <property name="sessionFactory" ref="sessionFactory" />
    </bean>

    <!-- Habilitar la administración de transacciones -->
    <tx:annotation-driven />

</beans>
