<?xml version="1.0" encoding="UTF-8" standalone="no"?>
<!-- Generated 16/03/2024, 8:19:28 p. m. by Hibernate Tools 6.3.1.Final --><!DOCTYPE hibernate-mapping PUBLIC "-//Hibernate/Hibernate Mapping DTD 3.0//EN" "http://www.hibernate.org/dtd/hibernate-mapping-3.0.dtd">
<hibernate-mapping>
    <class catalog="ingreso" name="ejemploIngreso.ejemploIngreso.Ingreso" optimistic-lock="none" table="ingreso">
        <id name="especieId" type="java.lang.Integer">
            <column name="especieID"/>
            <generator class="identity"/>
        </id>
        <property name="grupo" type="string">
            <column length="50" name="grupo" not-null="true"/>
        </property>
        <property name="ubicacion" type="string">
            <column length="255" name="ubicacion"/>
        </property>
        <property name="nombreComun" type="string">
            <column length="255" name="nombreComun"/>
        </property>
        <property name="genero" type="string">
            <column length="50" name="genero" not-null="true"/>
        </property>
        <property name="especie" type="string">
            <column length="50" name="especie"/>
        </property>
    </class>
</hibernate-mapping>
